Term	Overlap	P.value	Adjusted.P.value	Odds.Ratio	Combined.Score	Genes	Rank	Database
Allograft Rejection	50/200	1.06254833050628e-21	5.20648681948075e-20	6.59216509268975	318.359495162427	CD7;IL2RG;PSMB10;B2M;GBP2;ST8SIA4;HLA-A;PRF1;LYN;PTPRC;NCR1;CD3G;CD3E;CD3D;CCR5;HLA-DQA1;MAP4K1;CDKN2A;HCLS1;GCNT1;CAPG;HLA-DMB;CXCR3;HLA-DMA;CD74;CRTAM;TAP1;KLRD1;PTPN6;GPR65;FLNA;HLA-DOA;CD96;CD8B;CD8A;FASLG;IRF4;IFNG;HLA-DRA;IRF8;LCP2;GZMB;GZMA;LCK;ZAP70;IL2RB;ITGAL;CCL5;CCL4;CSK	1	MSigDB_Hallmark_2020
Interferon Gamma Response	47/200	2.77636831663954e-19	6.80210237576687e-18	6.05510432903984	258.722334611213	PSMB9;MTHFD2;UBE2L6;PSMB10;ST3GAL5;SLAMF7;B2M;GBP4;ST8SIA4;HLA-A;HLA-B;PARP14;PLSCR1;PSME2;PSME1;VAMP5;HLA-DRB1;IFI35;RNF213;KLRK1;GPR18;CD38;HLA-DQA1;PSMB8;HLA-DMA;CD74;TAP1;VCAM1;TRAFD1;PTPN6;SAMD9L;AUTS2;ISG15;DDX60;XCL1;IRF4;IRF8;LCP2;CASP7;CASP4;CASP3;CIITA;GZMA;IL2RB;OASL;CCL5;ITGB7	2	MSigDB_Hallmark_2020
Interferon Alpha Response	20/97	5.77923664784079e-08	8.25355676475563e-07	4.99927336143003	83.3199352334846	CD74;TAP1;PSMB9;TRAFD1;SAMD9L;UBE2L6;CCRL2;B2M;GBP2;GBP4;HLA-C;ISG15;PARP14;PLSCR1;PSME2;PSME1;IFI35;DDX60;OASL;PSMB8	3	MSigDB_Hallmark_2020
IL-2/STAT5 Signaling	30/199	6.73759735898419e-08	8.25355676475563e-07	3.43499334091476	56.7219672617182	GBP4;PRKCH;GABARAPL1;GADD45B;PLSCR1;UCK2;PLPP1;IKZF2;RHOH;NFIL3;SNX14;CAPG;CST7;PLAGL1;GPR65;MAP3K8;HOPX;GLIPR2;TNFRSF9;TNFRSF1B;IRF4;ITGAE;IRF8;ABCB1;SYNGR2;CASP3;MYO1E;IL2RB;SYT11;FURIN	4	MSigDB_Hallmark_2020
Cholesterol Homeostasis	17/74	1.07589713815209e-07	1.05437919538905e-06	5.72897761645493	91.9211066449808	STARD4;ANXA5;CD9;ATF3;NFIL3;FDFT1;LDLR;ABCA2;SQLE;FABP5;PLSCR1;FASN;MVD;TRIB3;ACTG1;HMGCR;FBXO6	5	MSigDB_Hallmark_2020
mTORC1 Signaling	29/200	2.6014232539205e-07	2.12449565736841e-06	3.27793988736386	49.700245693232	STARD4;MTHFD2;CD9;ARPC5L;SQLE;TPI1;SLC7A5;ALDOA;GPI;NFIL3;PHGDH;CTSC;PSMA4;TCEA1;G6PD;SLC1A4;LDLR;IDH1;SLC9A3R1;ATP6V1D;INSIG1;CORO1A;ACTR3;HSPA9;PIK3R3;PGK1;TRIB3;GAPDH;HMGCR	6	MSigDB_Hallmark_2020
Complement	27/200	2.73720946497761e-06	1.91604662548433e-05	3.01009191699043	38.5549778412599	PSMB9;XPNPEP1;PFN1;CBLB;GNG2;APOBEC3G;PLSCR1;PPP4C;LYN;ANXA5;GNGT2;FCER1G;CTSD;CTSC;F8;GNAI2;RASGRP1;LCP2;CASP7;CASP4;CASP3;GZMB;GZMA;LCK;PLEK;CCL5;FYN	7	MSigDB_Hallmark_2020
Oxidative Phosphorylation	26/200	8.34621501189732e-06	5.11205669478711e-05	2.87884563347804	33.6643641333259	BAX;UQCRC1;SUCLG1;COX8A;COX7A2L;GPI;MRPS12;ATP5MG;ATP5MF;COX5A;ATP5F1B;ATP5F1C;ACADM;NDUFV1;IDH1;IDH2;ATP6V1D;ATP5MC3;UQCRH;HSPA9;NDUFS8;NDUFS2;CASP7;UQCRFS1;SLC25A5;TCIRG1	8	MSigDB_Hallmark_2020
PI3K/AKT/mTOR  Signaling	17/105	1.77647485134334e-05	9.67191863509152e-05	3.70474137931034	40.5235521972382	PPP1CA;PFN1;IL2RG;CFL1;ARPC3;CSNK2B;PIN1;FASLG;AP2M1;ACTR3;TNFRSF1A;VAV3;PIK3R3;LCK;TRIB3;RPS6KA1;MAPK1	9	MSigDB_Hallmark_2020
Mitotic Spindle	24/199	6.29296510126002e-05	0.000278425110487767	2.63667298993142	25.5058379911025	ACTN4;NIN;KIF20B;PREX1;EZR;SMC4;ARHGEF3;ARHGEF7;PIF1;NEDD9;MYO9B;RAB3GAP1;AKAP13;ROCK1;KATNB1;BCL2L11;FLNA;CLASP1;ARHGEF12;TBCD;KIF23;MYH9;CAPZB;MYO1E	10	MSigDB_Hallmark_2020
TNF-alpha Signaling via NF-kB	24/200	6.81857413439429e-05	0.000278425110487767	2.62155260469867	25.1492752897568	TNFSF9;ATF3;GADD45B;FOSL2;DUSP4;ID2;REL;LITAF;NFIL3;TAP1;CCRL2;MAP3K8;LDLR;GEM;NR4A3;NR4A2;PFKFB3;TNFRSF9;MSC;CFLAR;B4GALT1;PLEK;CCL5;CCL4	11	MSigDB_Hallmark_2020
Apical Junction	24/200	6.81857413439429e-05	0.000278425110487767	2.62155260469867	25.1492752897568	ACTN4;PFN1;MYL12B;ACTB;VASP;PTPRC;CAP1;GNAI2;RAC2;VCAM1;ZYX;LAYN;ARPC2;INSIG1;ACTG1;CD99;MSN;MYH9;PECAM1;B4GALT1;PIK3R3;EVL;MVD;NECTIN3	11	MSigDB_Hallmark_2020
Hypoxia	21/200	0.00113095306903848	0.00426282310637581	2.24816529941176	15.2531149169443	XPNPEP1;MT1E;ATF3;FOSL2;RBPJ;PRDX5;HMOX1;TPI1;ALDOA;GPI;NFIL3;TPST2;HEXA;SAP30;HDLBP;PFKFB3;GRHPR;MYH9;PGK1;GAPDH;PGM2	13	MSigDB_Hallmark_2020
Reactive Oxygen Species Pathway	8/49	0.00281119675387989	0.00983918863857961	3.71731829881113	21.8360666806824	G6PD;FES;NDUFS2;PDLIM1;FTL;LSP1;PRDX6;MBP	14	MSigDB_Hallmark_2020
p53 Pathway	19/200	0.00576115646544625	0.0170764640105803	2.00727664735211	10.3507569821485	BAX;TNFSF9;ATF3;CYFIP2;STOM;HMOX1;ADA;ABHD4;CTSD;CDKN2A;KIF13B;TAP1;TRAFD1;ZFP36L1;RAD9A;IP6K2;RALGDS;TRIB3;BAK1	15	MSigDB_Hallmark_2020
Apical Surface	7/44	0.00589390721128213	0.0170764640105803	3.60143275805926	18.4891656408271	LYN;NCOA6;CD160;IL2RB;B4GALT1;IL2RG;SCUBE1	16	MSigDB_Hallmark_2020
Fatty Acid Metabolism	16/158	0.00592448751387481	0.0170764640105803	2.15248940451218	11.0393886582505	SUCLG1;UBE2L6;NTHL1;IDH1;GABARAPL1;UROS;FASN;PSME1;PRDX6;LGALS1;GRHPR;ALDOA;MGLL;AUH;HSD17B11;ACADM	17	MSigDB_Hallmark_2020
Apoptosis	16/161	0.00707603370295154	0.0192625361913681	2.10761974635782	10.4349133356358	TAP1;BAX;ATF3;ROCK1;BCL2L11;GADD45B;PRF1;FASLG;HMOX1;CFLAR;NEDD9;CASP7;CASP4;CASP3;CD38;DFFA	18	MSigDB_Hallmark_2020
IL-6/JAK/STAT3 Signaling	10/87	0.0116563912992751	0.0294702686582049	2.47446410588405	11.0160683366959	TYK2;TNFRSF1A;TNFRSF1B;CD9;IL9R;IL2RG;CD38;MAP3K8;HMOX1;BAK1	19	MSigDB_Hallmark_2020
Estrogen Response Late	18/200	0.0120286810849816	0.0294702686582049	1.8891615998215	8.35096591243009	CD9;NBL1;FDFT1;ITPK1;SLC7A5;ID2;CLIC3;FABP5;JAK1;PTPN6;SLC27A2;SLC1A4;RBBP8;IDH2;SLC9A3R1;SLC2A8;KCNK5;ATP2B4	20	MSigDB_Hallmark_2020
UV Response Up	15/158	0.0132675767462515	0.0309576790745868	2.00171286203675	8.65226784727781	TAP1;ATF3;BCL2L11;BSG;RAB27A;EIF5;RASGRP1;HMOX1;LYN;ALDOA;ABCB1;CASP3;FURIN;ARRB2;BAK1	21	MSigDB_Hallmark_2020
TGF-beta Signaling	7/54	0.0177126087335373	0.0394508103610604	2.83367512603606	11.429567796545	RHOA;SMURF2;PPP1CA;ID2;WWTR1;FKBP1A;FURIN	22	MSigDB_Hallmark_2020
KRAS Signaling Up	17/200	0.0237924035985211	0.0506881641881537	1.77256453740343	6.62653563686838	NIN;IL2RG;LAT2;ID2;GYPC;FCER1G;PRELID3B;MAP4K1;PSMB8;ADAM8;TNFRSF1B;LCP1;IRF8;PECAM1;ABCB1;SPRY2;TRIB2	23	MSigDB_Hallmark_2020
Androgen Response	10/100	0.0283513683957085	0.0578840438079049	2.11558688597964	7.5380052837152	ZMIZ1;B2M;PLPP1;SRP19;INSIG1;B4GALT1;DBI;ADRM1;HMGCR;PTK2B	24	MSigDB_Hallmark_2020
DNA Repair	13/150	0.0387020279264619	0.0758559747358653	1.80771215807712	5.87843278606746	MPG;NT5C;VPS37B;TSG101;AK3;ADA;ADRM1;TAF10;HCLS1;USP11;POLD4;GUK1;POLR2G	25	MSigDB_Hallmark_2020
Inflammatory Response	16/200	0.0445100233139821	0.0838842747071201	1.6574600237875	5.15808333800214	TNFSF9;LYN;CXCR6;GPR132;CCRL2;LDLR;NMUR1;RASGRP1;RGS1;TNFRSF9;TNFRSF1B;LCP2;ADRM1;LCK;IL2RB;CCL5	26	MSigDB_Hallmark_2020
UV Response Dn	12/144	0.0584050854410484	0.10599441431894	1.7305751765893	4.9154432064577	MT1E;ZMIZ1;LDLR;INSIG1;MGLL;CELF2;PIK3R3;ATP2B4;GCNT1;FHL2;PIK3CD;FYN	27	MSigDB_Hallmark_2020
Adipogenesis	15/200	0.0786284677570915	0.128426497336583	1.54382317540212	3.92597546536246	UQCRC1;PREB;SUCLG1;STOM;COX8A;SCP2;ALDOA;MGLL;ACADM;ATP1B3;IDH1;CHCHD10;REEP5;PFKFB3;CD151	28	MSigDB_Hallmark_2020
Estrogen Response Early	15/200	0.0786284677570915	0.128426497336583	1.54382317540212	3.92597546536246	NBL1;FDFT1;FASN;ITPK1;SLC7A5;CLIC3;SLC27A2;SLC1A4;RBBP8;SLC9A3R1;RASGRP1;KCNK5;B4GALT1;SYNGR1;FHL2	28	MSigDB_Hallmark_2020
Glycolysis	15/200	0.0786284677570915	0.128426497336583	1.54382317540212	3.92597546536246	CHST12;TPI1;ALDOA;PGAM1;G6PD;SAP30;PLOD1;HDLBP;SLC16A3;IDH1;AK3;B4GALT1;FUT8;PGK1;PGM2	28	MSigDB_Hallmark_2020
Protein Secretion	8/96	0.108740201989168	0.167981010737375	1.72763819095477	3.83327275076874	RER1;NAPA;CTSC;GNAS;TSG101;CD63;MAPK1;AP2M1	31	MSigDB_Hallmark_2020
Bile Acid Metabolism	9/112	0.109701884563184	0.167981010737375	1.6608974233752	3.6705645916693	SLC27A2;ABCA2;IDH1;IDH2;PRDX5;SCP2;EFHC1;LCK;HSD17B11	32	MSigDB_Hallmark_2020
Unfolded Protein Response	9/113	0.114221204201573	0.169601181996275	1.64484019501625	3.56867542547321	MTHFD2;PREB;ATF3;SLC1A4;EXOSC4;LSM1;HSPA9;SLC7A5;DCP2	33	MSigDB_Hallmark_2020
G2-M Checkpoint	14/200	0.130965153303242	0.188743897407614	1.43162964654207	2.91025109957069	KIF20B;SQLE;UCK2;JPT1;SMC4;SLC7A5;CKS2;MKI67;SAP30;PTTG1;KIF23;HMGA1;MCM6;BUB3	34	MSigDB_Hallmark_2020
Pperoxisome	8/104	0.151036877489068	0.211451628484695	1.58299832495812	2.9922329028542	SLC27A2;PEX11B;IDH1;IDH2;PRDX5;SCP2;ABCB1;HSD17B11	35	MSigDB_Hallmark_2020
Myogenesis	13/200	0.205415947260574	0.279593928215781	1.32085561497326	2.09054241222659	WWTR1;GADD45B;SIRT2;MEF2D;FKBP1B;CHRNB1;KIFC3;MYL6B;MYH9;SYNGR2;PDLIM7;DAPK2;LSP1	36	MSigDB_Hallmark_2020
Coagulation	9/138	0.256464994018616	0.339642829916546	1.32431800102943	1.80208306746795	CD9;SIRT2;PECAM1;F8;WDR1;PLEK;FURIN;USP11;FYN	37	MSigDB_Hallmark_2020
Xenobiotic Metabolism	12/200	0.303132914038095	0.390881915470176	1.21147776799708	1.44600037055503	CYFIP2;PSMB10;HES6;GABARAPL1;HMOX1;GSTM4;ID2;IDH1;DDAH2;TNFRSF1A;IRF8;MAN1A1	38	MSigDB_Hallmark_2020
E2F Targets	11/200	0.420769782197235	0.502871203113769	1.10347328895716	0.955243093628927	DEK;MTHFD2;JPT1;SMC6;SMC4;CDKN2A;CKS2;MKI67;PTTG1;HMGA1;MCM6	39	MSigDB_Hallmark_2020
Myc Targets V1	11/200	0.420769782197235	0.502871203113769	1.10347328895716	0.955243093628927	DEK;UBE2L3;PSMD8;PSMA4;COX5A;LSM2;CBX3;MCM6;PGK1;U2AF1;BUB3	39	MSigDB_Hallmark_2020
Epithelial Mesenchymal Transition	11/200	0.420769782197235	0.502871203113769	1.10347328895716	0.955243093628927	GADD45B;LGALS1;ID2;IL32;CAPG;TPM4;VCAM1;PLOD1;FLNA;GEM;WIPF1	39	MSigDB_Hallmark_2020
Notch Signaling	2/32	0.481780598449835	0.562077364858141	1.26320346320346	0.922475119438562	SAP30;DTX2	42	MSigDB_Hallmark_2020
Hedgehog Signaling	2/36	0.54512848488761	0.612239054741584	1.11435623200329	0.676117546641389	MYH9;ADGRG1	43	MSigDB_Hallmark_2020
heme Metabolism	10/200	0.549765681808769	0.612239054741584	0.996819844172364	0.596360554646277	BSG;TENT5C;GYPC;TCEA1;ARHGEF12;UROS;SYNJ1;NARF;ACP5;FBXO7	44	MSigDB_Hallmark_2020
Pancreas Beta Cells	1/40	0.872560044838117	0.922707941106067	0.485132299503557	0.0661350824398925	SRP14	45	MSigDB_Hallmark_2020
KRAS Signaling Dn	7/200	0.879361551536319	0.922707941106067	0.68474936013484	0.0880307918928346	TENT5C;PTPRJ;NR4A2;CLSTN3;IFNG;MFSD6;PDE6B	46	MSigDB_Hallmark_2020
Wnt-beta Catenin Signaling	1/42	0.885046392489492	0.922707941106067	0.46141862616231	0.0563462344878276	RBPJ	47	MSigDB_Hallmark_2020
Myc Targets V2	1/58	0.949639192479192	0.968307133444483	0.331617466820744	0.0171357237214882	CBX3	48	MSigDB_Hallmark_2020
Spermatogenesis	3/135	0.968307133444483	0.968307133444483	0.42875	0.0138083033838005	CHFR;IL12RB2;GFI1	49	MSigDB_Hallmark_2020
